{"/action/reagent/acts-on": 196, "/action/method/using": 29, "/action/reagent/using": 26, "/action/location/site": 77, "/action/device/using": 12, "/action/reagent/site": 20, "/action/location/acts-on": 56, "/action/numerical/count": 14, "/action/reagent/creates": 10, "/action/mention/acts-on": 11, "/action/time/setting": 83, "/action/speed/setting": 15, "/action/modifier/mod-link": 44, "/action/temperature/setting": 86, "/reagent/amount/measure": 81, "/reagent/reagent/or": 4, "/action/generic-measure/setting": 9, "/reagent/concentration/measure": 18, "/modifier/time/setting": 1, "/temperature/temperature/or": 2, "/reagent/modifier/mod-link": 27, "/amount/modifier/mod-link": 2, "/location/location/or": 3, "/time/modifier/mod-link": 6, "/location/modifier/mod-link": 5, "/location/size/measure": 2, "/reagent/location/meronym": 2, "/action/seal/using": 2, "/action/device/acts-on": 6, "/mention/amount/measure": 1, "/action/concentration/setting": 1, "/action/action/using": 26, "/action/measure-type/measure-type-link": 1, "/location/generic-measure/measure": 1, "/reagent/numerical/measure": 2, "/reagent/size/measure": 1, "/device/modifier/mod-link": 7, "/device/amount/setting": 1, "/location/location/meronym": 3, "/device/generic-measure/setting": 1, "/generic-measure/modifier/mod-link": 1, "/reagent/reagent/meronym": 5, "/reagent/generic-measure/measure": 3, "/generic-measure/generic-measure/or": 1, "/action/device/site": 9, "/location/amount/measure": 2, "/numerical/modifier/or": 1, "/location/device/meronym": 2, "/action/seal/acts-on": 1, "/action/seal/site": 2, "/mention/reagent/coreference-link": 2, "/mention/location/coreference-link": 4, "/location/reagent/meronym": 1, "/generic-measure/measure-type/of-type": 1, "/reagent/seal/meronym": 1, "/location/numerical/measure": 1, "/speed/speed/or": 2, "/device/numerical/setting": 1, "/speed/modifier/mod-link": 1}